region,name,address
Hong Kong Island,緯派發展有限公司 經營 KING LUDWIG BEERHALL,"SHOPS 1 & 2 G/F HOPWELL CENTRE, 183 QUEEN'S RD EAST, WANCHAI HK"
Hong Kong Island,雅谷餐廳有限公司,"G/F AMIGO MANSION, 79A WONG NAI CHUNG RD, HAPPY VALLEY HK"
Hong Kong Island,韋鏗有限公司 經營 KING LUDVIG GERMAN RESTAURANT,"SHOP A & C G/F GREENFIELD MANSION, 8 KINGSTON ST, CAUSEWAY BAY HK"
Hong Kong Island,福崎麵飽屋,"SHOP 2 G/F WAN TSUI SHOPPING CTR, CHAI WAN, HK"
Hong Kong Island,維也納食品有限公司經營 AMIGO BAKERY,"FLAT C 15/F DERRICK IND BLDG, 49 WONG CHUK HANG RD, ABERDEEN HK"
Hong Kong Island,聖羅蘭餅屋有限公司,"SHOP D G/F LUEN HONG APARTMENT,118 BELCHER'S STREET,KENNEDY TOWN HK"
Hong Kong Island,信德中旅船務管理有限公司經營噴射飛航,"BASEMENT 22 SHUN TAK CTR,200 CONNAUGHT RD,CENTRAL HK"
Hong Kong Island,聯生行,"RM A-C 6/F KWONG GA FTY BLDG, 64 VICTORIA RD,KENNEDY TOWN HK"
Hong Kong Island,益昌成貿易食品有限公司,"RM 1149 11/F TAI ON BLDG,72 SHAU KEI WAN RD SAI WAN HO, HONG KONG (PURCHASE OFFICE)"
Hong Kong Island,FRESH OAT BAKERY,"G/F SHOP 1 UNION PARK TOWER, 168 ELECTRIC RD, H.K."
Hong Kong Island,櫻島麵包店（灣仔）,"FLAT B G/F & M/F, 55 WAN CHAI RD, H.K."
Hong Kong Island,祥香茶餐廳,香港西環卑路乍街 107 號地下
Hong Kong Island,漢堡餅店,香港西營盤德輔道西 224-226 號地下(正街口)
Hong Kong Island,加拿大餅店,香港西環卑路乍街南海商場 33 號地下
Hong Kong Island,永發行,香港西環堅尼地城新海傍 5A 地下
Hong Kong Island,鴻昌食品,香港西環豐物道西區副食品批發市場 E16-E17 舖
Hong Kong Island,富山咖啡,香港中環結志街 30 號地下
Hong Kong Island,食品採購有公司-超群餅店,香港中環干諾道中 23 號香林大廈地下 A 舖
Hong Kong Island,丹麥餅店,香港銅鑼灣禮頓道 106 號
Hong Kong Island,香港元八有限公司,香港柴灣吉勝街 12 號達藝工業中心 909 室
Hong Kong Island,庭昌麵飽餅店,香港筲箕灣道 162 號
Hong Kong Island,第一邨餅店,香港北角英皇道 263 號地下
Hong Kong Island,新宏發餅店,香港北角春秧街 114-120E 舖
Hong Kong Island,飽飽店(V8)(海怡半島東翼),香港仔鴨脷洲海怡半島東翼商場 10-11 號地舖
Hong Kong Island,美麥多飽餅美食快餐,香港灣仔駱克道 368-374 號地下 G2 舖
Hong Kong Island,美麥多飽餅屋,香港灣仔道 162-164 號地下 A 舖
Hong Kong Island,加利年餅屋,香港西環第一街 51 號地下
Hong Kong Island,森美餐廳有限公司,香港皇后大道西 204-206 號
Hong Kong Island,加利年餅屋(北街),香港西環北街 25 號地下 B 舖
Hong Kong Island,天興號,香港西環域多利道 64 號廣基工業大廈按 18 字樓 AB 座
Hong Kong Island,華爾登餅店,香港西環德輔道西 392 號地下
Hong Kong Island,新金英餅店,香港天后留仙街 1-5 號地下
Hong Kong Island,NO.1 餅店,香港鰂魚涌 1044 號 G4 舖
Hong Kong Island,松栢餅廊,香港柴灣興民邨商場 410 號地舖
Hong Kong Island,新寶百好咖啡餅店,香港筲箕灣道 160 號
Hong Kong Island,榮生祥有限公司,香港柴灣嘉業街 56 號安全貨倉大廈 7/F
Hong Kong Island,明珠餅店,香港柴灣翠灣邨商場地下 4 號舖
Hong Kong Island,麵包小食,香港筲箕灣工廠街 28 號地下 10 號舖
Hong Kong Island,安娜餅屋(工場),香港柴灣新業街 6 號安力工業中心地下 C2 號舖
Hong Kong Island,飛龍餅店,香港柴灣怡順街 6-7 號地下(宏德居廣場)
Hong Kong Island,BREAD GARDEN LIMITED,(HONG KONG BAGUET)香港柴灣新業街 9 號 8 樓 A 座
Hong Kong Island,王家沙(太古城)有限公司,香港太古城中心二期一樓 101 號舖
Hong Kong Island,BreadTalk Concept HK Ltd,香港太古城道 18 號太古城中心 308 號
Hong Kong Island,新潤記餐廳,香港電器道 270 號
Hong Kong Island,食品採購有限公司(超群餅店),香港薄扶林華貴邨華貴商場 3 號
Hong Kong Island,飽飽店(V8)(海怡半島東翼),(福源成(香港)有限公司)香港鴨利州海怡半島西翼商場 27 號-28 號
Hong Kong Island,晶晶餅屋,香港仔鴨脷州大街 132F 號地下
Hong Kong Island,快樂餅店,灣仔大道東 106 號
Hong Kong Island,八番麵屋,香港銅鑼灣勿地街 1 號
Hong Kong Island,元八拉麵(時代廣場),(香港元八有限公司)香港銅鑼灣時代廣場一樓 103G
Hong Kong Island,元八拉麵(希慎廣場),(香港元八有限公司)香港銅鑼灣軒尼詩道 500 號
Hong Kong Island,愛皮西,香港中環結志街 1 號地下
Hong Kong Island,昌發,西環西源里 25 號地下
Hong Kong Island,齒來香,西營盤第三街 18 號地下
Hong Kong Island,美味屋,香港筲箕灣道 178 號地下
Hong Kong Island,新記,柴灣豐業街 5 號華盛中心 9 樓 C 及 D 室
Hong Kong Island,新寧,銅鑼灣波斯富街 99 號利舞臺廣場 16 樓 B 舖
Hong Kong Island,太子-太古城,太古太古城道 24 號太古城第五期夏宮閣地下
Hong Kong Island,美心食品有限公司(MX),香港鰂魚涌英皇道１０６３號２８樓
Hong Kong Island,樂活,"上環水坑口街 9 號,寶泰大廈地下 C 鋪"
Hong Kong Island,樂活,北角英皇道 278 號地下 6B 鋪
Hong Kong Island,惠蘿餅屋,筲箕灣愛禮街 2 號愛蝶灣地下 27 號鋪
Hong Kong Island,香港光美有限公司,香港仔黃竹坑道 65 號志昌行中心 6/F
Hong Kong Island,新源興粉麵茶餐廳,中環機利文新街 34-36 號地下
Hong Kong Island,昌明有限公司,柴灣安業街合明工廠大廈 1/F C
Hong Kong Island,德寶,柴灣安業街合明工廠大廈 1/F C
Hong Kong Island,霞飛會館,中環德己立街 1-13 號世紀廣場
Hong Kong Island,霞飛點心拉麵-(赤柱),赤柱佳美道 22-23 號
Hong Kong Island,金巴斯集團香港有限公司 HSBCHMB-匯豐中環總行,中環皇后大道中 1 號匯豐中環總行 27/F
Hong Kong Island,KING LUDWIG BEERHALL,赤柱美利樓 202 室
Hong Kong Island,廉政公署-職員餐廳-ICAC,(金巴斯集團香港有限公司)北角渣華道 303 號 9 樓
Hong Kong Island,SHELTER(銅鑼灣),銅鑼灣軒尼斯道 500 號希慎廣場 7/F 718-719 舖
Hong Kong Island,新藍塘麵包餐廳,香港中環堅道 71 號地下
Hong Kong Island,鮮麥鮮飽店,北角電器道 168 號地下
Hong Kong Island,阮文,西環西源里 25 號地下
Hong Kong Island,百奇斱飽西餅,西環第三街 101 號怡豐閣地下 12 號舖
Hong Kong Island,意大利餅屋,西灣河興東邨興東商場地下 1 號舖
Hong Kong Island,合發海鮮食家,筲箕灣金華街 24 號地下
Hong Kong Island,香港飯堂,北角城市花園 1-3 座城市中心地下 G24-G29
Hong Kong Island,權發飯店(柴灣道),柴灣道 333 號永利中心地下
Hong Kong Island,金怡餅店,柴灣道 388 號柴灣市政大廈一樓 71 號
Hong Kong Island,龍珠餅店(北角道),北角道 33 號和富豪庭地下 B1 舖
Hong Kong Island,嘉嘉餅店,北角書局街 27 號 A 地下
Hong Kong Island,龍珠餅店,筲箕灣東大街 105
Hong Kong Island,鐘意餅屋(小西灣),小西灣道 9 號富欣商場地下 52 號舖
Hong Kong Island,滿溢餅店,筲箕灣望隆街 102
Hong Kong Island,龍城行加茂店,筲箕灣望龍街 2 銀河商場 1 號舖
Hong Kong Island,金樺餅店,西灣河太安樓 16 號 A 地下
Hong Kong Island,龍珠餅店(英皇道),鰂魚涌英皇道 993 號
Hong Kong Island,有利麵包,柴灣安業街 3 號新毅工業大廈 1 樓 D 室
Hong Kong Island,康甜,北角七姊妹道 199 號
Hong Kong Island,龍珠餅店(電氣道),北角電氣道 127 號地下
Hong Kong Island,祥勝茶餐廳,跑馬地成和道 9 號
Hong Kong Island,華南粉麵茶餐廳(譚臣道),灣仔譚臣道 5-11 號 D 舖
Hong Kong Island,權發海鮮酒家(銅鑼灣店),灣仔駱克道 424 號 2 樓及 3 樓
Hong Kong Island,祥興咖啡餐廳,跑馬地奕蔭街 9-11 號地下
Hong Kong Island,嘉藍餅店,灣仔灣仔道 234-236 號 E1 舖
Hong Kong Island,壹餅店,銅鑼灣敬誠街 1-2 號地下(對面)
Hong Kong Island,工聯會,灣仔洛克道 368-374 號百齡大廈 1 樓
Hong Kong Island,美麥多,銅鑼灣大坑勵德邨道勵德邨邨荣樓 24 號地下
Hong Kong Island,小麥鮮餅店,北角炮台山宏安道 18 號 4 號舖地下
Hong Kong Island,東南公司,香港英皇道 1048 號 11 號舖
Hong Kong Island,金奇飽餅(鴨利洲),鴨利洲大街 118 號地下
Hong Kong Island,甜薑餅店,灣仔莊士敦道 55 號 A 舖
Hong Kong Island,包點先生(筲箕灣),筲箕灣愛秩序街 30A-30B30 號金華大廈 F 鋪
Hong Kong Island,名苑 (杏花村),杏花新城西翼
Hong Kong Island,金光食品廠,柴灣康民街 10 號新力工業大廈 3 樓 B 座
Hong Kong Island,123 麵包,"筲箕灣工廠街 28 號,10 號舖"
Hong Kong Island,禮記,上環皇后大道西 231 號
Hong Kong Island,昌盛行,上環皇后大道西 213-217 號
Hong Kong Island,紅車厘,糖水道 18 號益漢洋樓地下 F 舖
Hong Kong Island,永隆魚肚,域多利道耀基工業大廈 22 樓
Hong Kong Island,金門餐廳,香港仔西安街 2-3 號
Hong Kong Island,豆豆飽,小西灣道 23 號富怡花園 29-30 號地下
Hong Kong Island,麥堡麵包西餅,筲箕灣道 354 號地下
Hong Kong Island,金鳳,春園街 41 號地下
Hong Kong Island,百事吉麵包,灣仔石水渠街 15-17 號
Hong Kong Island,百事吉麵包,灣仔道 67 號地下
Hong Kong Island,泰昌行,北角馬寶道馬寶閣 15 號 2 樓 C 室
Kowloon,香港凱悅酒店 (尖沙咀),"18 HANOI RD, TST KLN"
Kowloon,智豐集團有限公司 經營 車仔麵包西餅,"G/F 260 KI LUNG ST, SHAM SHUI PO, KLN"
Kowloon,金屋西餅麵飽公司,"FLAT/RM 111 G/F KAM SHEK HSE ,PING SHEK ESTATE, KOWLOON"
Kowloon,惠群餅店,"G/F, 21 TOKWAWAN RD, KLN"
Kowloon,陳福榮餅家,"G/F 9 MAN NIN ST, SAI KUNG, KOWLOON"
Kowloon,晶晶麵包餅店,"SHOP G15 G/F, KA WAH ARCADE YAU TONG CTR, YAU TONG KLN"
Kowloon,寶城餅店（杜丹街）,3 PEONY STREET MEZZ FL
Kowloon,嘉樂餅店,"G/F, 346 LAI CHI KOK ROAD, KLN"
Kowloon,翡翠麵飽公司,"BLK A 5/F WING CHEONG IND BLDG, 121 KING LAM ST, CASTLE PEAK RD KLN"
Kowloon,金莎堡企業公司,"SHOP 3 G/F KWONG TIN SHOPPING CTR, LAM TIN, KLN"
Kowloon,檸檬廊,"SHOP C2 CRONIN GDN, 2 PO ON RD, KLN"
Kowloon,好好麵包西餅有限公司 經營 好好麵包西餅,"G/F 276 CASTLE PEAK RD,CHEUNG SHA WAN, KLN"
Kowloon,恒堡發展有限公司 經營 三井飽餅專門店 (鳳凰新村),"G/F 24 SHEUNG FUNG ST,FUNG WONG VILLAGE, TSE WAN SHAN KLN"
Kowloon,金莎堡餅食公司,"G/F,4 YIN HING ST,SAN PO KONG KLN"
Kowloon,順利發糧食行,"D8 3/F SHUN LEE ESTATE,SHOPPING CENTER,KOWLOON"
Kowloon,江竣有限公司 經營 興發茶餐廳（大埔道）,"G/F 14-15 PRINCE CENTRE,70 TAI PO RD, KLN"
Kowloon,珍妮餅屋（工廠）,"G/F,93B WAN HON ST,KWUNG TONG KLN"
Kowloon,莉思麵飽有限公司經營 東京麵飽餅食－彩虹村,"G/F,35 KAM HON HSE,CHOI HUNG EST KLN"
Kowloon,櫻桃麵飽西餅（控股）有限公司（旺角）,"NO.1061,CANTON RD,MONGKOK KLN"
Kowloon,新世界集團有限公司－奧美餅店,"G/F 11 CHUNG WUI STREET,TAI KOK TSUI KOWLOON"
Kowloon,ＣＡＦＥ ＢＡＫＥＲＹ ＬＴＤ,"FLAT 7 G/F POK MAN ST,TAI KOK TSUI, KLN"
Kowloon,二德惠公司,"BLK A 2/F ACRO IND BLDG,19 YUK YAT ST TOKWAWAN,KLN"
Kowloon,宏大輪船用品伙食供應有限公司,"RM B 13/F YIP KWONG BLDG,39-41 BEECH ST,TAI KOK TSUI KLN"
Kowloon,英之傑食品公司,"RM C3 BLK B G/F LAI WAN GDN,KAU WA KENG ,LAI CHI KOK KLN"
Kowloon,銀城行有限公司 經營 鮮果旅程,"SHOP NO 4 1/F ENTERPRISE SQUARE,9 SHEUNG YUET ROAD,KOWLOON BAY KLN"
Kowloon,豐華飲食中心有限公司,"RM A2, B1 & B2 G/F, 656 CASTLE PEAK RD, CHEUNG SHA WAN KLN"
Kowloon,昌輝集團有限公司 經營 FUTURE LOUNGE,"SHOP 2 G/F LOK HING MANSION ,240-242 TUNG CHOI ST,MONGKOK KLN"
Kowloon,莉思麵飽有限公司經營 東京麵飽餅食－慈雲山,"SHOP 311 TSZ WAN SHAN SHOPP CTR, 23 YUK WAH STREET, TSZ WAN SHAN,KLN"
Kowloon,珍妮餅屋,"G/F, 161 HIP WO STREET, KWUN TONG, KLN"
Kowloon,信德中旅船務管理有限公司經營 噴射飛航,"95 HING WAH ST WEST, LAI CHI KOK, KLN"
Kowloon,金田港高級麵飽西餅,九龍土瓜灣馬頭圍道 49 號寶怡大廈地下
Kowloon,太和餅店,九龍土瓜灣馬頭圍道 115 號地下
Kowloon,美林麵飽,九龍紅磡民裕街 41 號地下
Kowloon,食品採購有限公司(超群)(土瓜灣),九龍土瓜灣馬頭涌馬頭圍邨洋葵樓 119 號舖
Kowloon,北海道(餅店),九龍新蒲崗寧遠街 9 號越秀廣場 G24 地舖
Kowloon,王家沙(東九龍)有限公司,九龍官塘道 418 號創紀之城 5 期 4 樓 L4-19 號舖
Kowloon,金飯碗餐廳,九龍官塘道鴻圖道 63-65 號鴻運工業大廈地下
Kowloon,Wise Bakery,九龍官塘麗港城一期 17-18 號
Kowloon,食品採購有限公司(超群餅店),九龍官塘順利邨利康樓 G7 號 3/F
Kowloon,蘆葦飽餅廊(牛頭角),九龍牛頭角道 229 號花園大廈喜鵲樓地下 231 號
Kowloon,明華餅家,九龍旺角煙廠街 1-3 號 D 舖(近花園街)
Kowloon,頌富麵飽,九龍大角咀道 155 號地下
Kowloon,鴻發麵包公司,九龍旺角廣東道 1104 號地下
Kowloon,八仙餅家,(TSIN TAO ENTERPRISES)九龍深水埗南昌街 197 號地下
Kowloon,雄輝餅店(深水埗),九龍深水埗福華街 155 號 D 地下
Kowloon,生興麵包,九龍深水埗欽州街 7 號地下
Kowloon,水手快餐店,九龍大坑窩仔街 1-3 號仁寶大廈地下
Kowloon,占美餅店,九龍石硤尾 20 座 124 號
Kowloon,新城餅店,九龍深水埗南昌街 237 號地下
Kowloon,東京麵包餅食(工場),(莉思有限公司)九龍深水埗長發街 18 號地下
Kowloon,麵飽先生(荔枝角),(志偉麵包西餅食品有限公司)九龍荔枝角海麗邨商場 4 號地下
Kowloon,合隆行,青山道九江街 166 號
Kowloon,包點料理,九龍深水埗基隆街 256 號地下
Kowloon,東京麵包餅食(慈雲山),(莉思麵包有限公司)九龍慈雲山毓華街 23 號)
Kowloon,奧沙(彩虹邨),九龍彩虹牛池灣金池徑 25 號地下
Kowloon,包點料理(牛池灣),九龍牛池灣牛池徑 5 號地下
Kowloon,裕興麵飽食品有限公司,九龍佐敦新填地街 25 號地下
Kowloon,東京麵包餅食(土瓜灣),(莉思麵包有限公司)九龍土瓜灣譚公道 57 號
Kowloon,群昌麵飽西餅,九龍紅磡寶其利街 59-67 號寶盛大廈 5 號舖
Kowloon,東京麵飽餅食(九龍城道),九龍土瓜灣九龍城道 7 號地下
Kowloon,飽餅皇有限公司,九龍紅磡德民街 36 號地下 C
Kowloon,百豐食品有限公司,九龍新蒲崗六合街 29 號宏輝工業大廈 4 樓
Kowloon,德豐號,九龍九龍城城南道 65 號地下
Kowloon,百齡麥麵飽餅店,九龍土瓜灣炮仗街 46-48 號地下 1 舖
Kowloon,大王子麵飽西餅,九龍土瓜灣土瓜灣道 80W 定安大廈地下 37 號 3-5 號舖
Kowloon,王家沙酒家(九龍塘),(王家沙(九龍塘有限公司)九龍九龍塘達之路 80 號又一城 G23 號舖
Kowloon,楊記糧油食品公司,九龍新蒲崗景福街 114 號捷景工業大廈 A 座 3 樓全層
Kowloon,王家沙(黃埔)有限公司,九龍紅磡黃埔花園八期蔡瀾美食坊三樓 2 號舖
Kowloon,貝沙餅店,九龍官塘秀茂商場 1 樓 11 號舖
Kowloon,仁人餅店(藍田),九龍藍田啟田道 49 號地下啟田大廈商場 A-B 舖
Kowloon,上海美食,九龍官塘瑞和街 80 號地舖
Kowloon,麵包屋,(康寧麵包餅食)九龍官塘開源道 55 號開聯工業中心 a 座 8 樓 18 室
Kowloon,順利發糧食,九龍順利村利業樓 98 號
Kowloon,多豐菜,九龍觀塘成業街 19-21 號成業工業大廈地下 1 號舖
Kowloon,豪華麵飽公司,九龍官塘茶果嶺道 185 號地下
Kowloon,元八拉麵(亞太中心),(香港元八有限公司)九龍觀塘道 414 號亞太中心 3 樓 2 號舖
Kowloon,106 麵包店,九龍官塘巧明街 106 號地下 1 號舖
Kowloon,鴻發號 (鴻發號糧食品有限公司),九龍官塘巧明街 99 號巧明工廠大厦 4 樓全層
Kowloon,王家沙酒家(新世紀),(王家沙(旺角)有限公司)九龍旺角太子道西 193 號
Kowloon,奇趣餅家,九龍旺角花園街 135 號地下
Kowloon,小麥廊麵飽餅,九龍旺角煙廠街 9 號地下 2 號舖
Kowloon,食品採購有限公(超群餅店),九龍旺角太子道 182 號
Kowloon,奧美餅店,九龍大角咀中匯街 11 號
Kowloon,樂天號,九龍旺角白布街 2-24 號藝興大廈 6 號地舖(白布街 18 號)
Kowloon,海港酒家(始創中心),"天峰企業(香港)有限公司, 九龍旺角彌敦道 750 號始創中心 4 樓 401 號舖"
Kowloon,東源號有限公司,(東源號)九龍大角咀洋松街 64-76 號長發工業大廈 4 樓 2 號室
Kowloon,兩利餐廳,九龍旺角通菜街 85 號地下
Kowloon,奇香餅家,九龍旺角道 17 號
Kowloon,麵座(香港元八)(新世紀廣場),(香港元八有限公司)(九龍旺角太子道西 193 號新世紀廣場 3 樓
Kowloon,好旺角麵家(洗衣街),九龍旺角洗衣街 123 號
Kowloon,康樂寶飽餅店,九龍深水埗荔枝角道 136 號(近白楊街口)
Kowloon,B&C 麵包屋(富昌邨),九龍深水埗富昌邨地下 17 號舖
Kowloon,中央飯店,九龍石硤尾大埔道 136 號地下東盧大廈
Kowloon,伊藤家餅業集團有限公司,九龍長沙灣長裕街 5 號中國宏興大廈 2 字樓 B 座
Kowloon,多多快餐餅店有限公司,新界美孚百老匯街 65 號平台閣樓 73 號室
Kowloon,何啟昌(食品製造),九龍長沙灣福華街 556 號地下
Kowloon,榮記,九龍深水埗基隆街 2284 號
Kowloon,蘆葦飽餅廊(慈雲山),九龍慈雲山銀鳳街 9 號地下
Kowloon,飽餅皇,九龍佐敦道 37 號統一大廈 G2 地舖
Kowloon,家家樂快餐麵店(金巴利道),九龍尖沙咀金巴利道 16 號香檳大廈 B 座地下地舖 12 號
Kowloon,Yolanda 蘭特 Bakery,九龍佐敦上海街 80 號華海廣場地下 5 號舖
Kowloon,飽餅王,九龍佐敦上海街 133 號地下
Kowloon,聯記食品,九龍大角咀洋松街 64-70 號長發工業大廈 12 字樓 5-6 室
Kowloon,三藩市餅店,佐敦庇利金街 61 號地下
Kowloon,煌府-紅磡,紅磡都會道 6 號國際都會商場 7 樓 776-780 號鋪
Kowloon,夏麵館,九龍柯士甸 1 號圓方商場 1 樓 1079-82
Kowloon,新良友,佐敦上海街 162 號地下
Kowloon,多美意餅屋,油麻地柯士甸道 107 號地舖
Kowloon,順景茶餐廳,九龍大角咀福全街 56 號地下
Kowloon,金巴斯集團香港有限公司-匯豐中心,大角咀深旺道 1 號匯豐中心 2 座 UG 及 18/F
Kowloon,良友快餐店,旺角花園街 132 號
Kowloon,康年餐廳,旺角通菜街 143-145 號地下
Kowloon,康年餐廳,旺角西洋菜街 103-109 號
Kowloon,三井包餅專門店,長沙灣元州街 334 號南廬大廈地下 6-11 號舖
Kowloon,三井包餅專門店,鑽石山蒲崗村道 43-59 號恆安大廈地下 B 號舖
Kowloon,金滿閣,深水埗欽洲街 9 號 A
Kowloon,意大利餐廳,尖沙咀柯士甸道 130 號地下
Kowloon,印度超級市場,尖沙咀重慶大廈 65-66 號地下
Kowloon,華龍咖啡屋餅店,尖沙咀金馬倫道 7 號
Kowloon,有運快餐店,旺角通菜街 2 號鴻光大廈地下
Kowloon,英發 (官塘),官塘輔仁街 16 號地下
Kowloon,皇之家麵飽西餅,大角咀大角咀道 91 號
Kowloon,金發餐廳(佐敦),佐敦道 37 號 E 統一大廈地下
Kowloon,錦源行,九龍灣宏光道 7 號興力工業中心 8 號地下
Kowloon,林園,九龍慈雲山富山邨富禮樓 1 號
Kowloon,上海美食(油麻地北海街),上海街(北海街)206 號地下
Kowloon,甜心麵包,油麻地彌敦道 525 號 B
Kowloon,南豐,石硤尾南山村南豐樓平台商場 208-209 號
Kowloon,合記,石硤尾白田上邨 9 座 13 號地下
Kowloon,文華(旺角),旺角西洋菜街 204 號地下
Kowloon,家家頌餅店,黃大仙竹園南邨竹園商場 S3 號舖
Kowloon,凱撒餅屋,旺角窩打老道 69 號 C2 舖地下
Kowloon,家家頌麵飽餅專門店,旺角富榮花園 11 號地下
Kowloon,榮發餐廳粉麵,深水埗欽州街 53 號
Kowloon,櫻島麵飽餅店,美孚新邨 2 期吉利徑 50 號舖
Kowloon,新雄雞麵飽公司,觀塘牛頭角道 249 號舖地下
Kowloon,新雄雞麵飽公司,牛頭角道 321 號樂華邨商場
Kowloon,水手有限公司,九龍仔大坑東窩仔街 5 號
Kowloon,合隆行,深水埗九江街 166 地下
Kowloon,長江飲食中心,荔枝角青山道 489 號香港工業中心 A 座地下
Kowloon,金屋麵包,新蒲崗衍慶街 44 號
Kowloon,豪園餅店,鑽石山龍蟠苑商場 108 號地下
Kowloon,豪華餅店,九龍城衙前圍道 136 號
Kowloon,新祥益餅店,九龍紅磡民裕街 9-31 號隆基大廈 29 號舖
Kowloon,鴻運冰廳,旺角上海街 726 號地下
Kowloon,泉成茶餐廳,黃大仙龍翔道 120 號新光中心第二期 4-4A 舖
Kowloon,德福麵飽餅店,佐敦文蔚街 11 號地下
Kowloon,占美餅店,旺角太子太子道西 104 號 C 地下
Kowloon,新樂富麵包小食,長沙灣青山道 269 號地舖
Kowloon,幾好茶餐廳,觀塘觀塘順利村 2 樓平台
Kowloon,心心(飽餅部),旺角通菜街 20 號
Kowloon,K.K 麵飽西餅,新蒲崗四美街 3A
Kowloon,三井飽餅專門店(慈雲山),慈雲山雙鳳街 24 號
Kowloon,好美味,九龍灣啟業邨啟樂樓 1 號
Kowloon,Breadtalk Concept HK LTD (黃埔),紅磡黃埔花園奇妙坊第一期地下 7E 舖
Kowloon,將軍堡餅店,長沙灣道 800 號香港紗廠工業大廈 1 及 2 期地下 C2-B 舖
Kowloon,超級包餅廚藝店,長沙灣青山道 500 號百美工業大廈地下 B6-B8 地舖
Kowloon,泉成茶餐廳,黃大仙龍翔道 120 號新光中心第一座 4A 地舖
Kowloon,哥頓麵包,新蒲崗彩怡花園商場
Kowloon,康祥茶餐廳,牛頭角定富街 53-55 號
Kowloon,霞飛點心拉麵-(尖沙咀),尖沙咀河內道 18 名鑄地庫 B2 K11 B226-227 號舖
Kowloon,香港味千食品有限公司,油塘四山街 24-26 號 B 座味千集團大廈 3 樓
Kowloon,HULLETT HOUSE,尖沙咀廣東道 2A (舊水警總部)
Kowloon,家傳滬曉-觀塘,觀塘創紀之城 5 期 3/F301
Kowloon,家傳滬曉-美孚,美孚寶輪街曼克頓山地下 06-07 號舖
Kowloon,家家樂(亞士厘道),尖沙咀亞厘士道 16 號地下
Kowloon,金沙餐廳,石硤尾 19 座 102 地下
Kowloon,金星麵飽西餅有限公司,黃大仙啟德花園商場大成街市地下 4 號舖
Kowloon,MC KITCHEN,官塘巧明街 100 號城東誌 2 期 TWO RESTAURANT G/F
Kowloon,明利茶餐廳(何文田),九龍何文田廣場 2 梭 202 號舖
Kowloon,馬來亞麵飽餅店(興田村),九龍藍田興田村恩田樓地下 102 號舖
Kowloon,面譜京川料理,尖沙咀中間道港鐵尖東站地面 30 號舖
Kowloon,文華咖啡廳(紅磡),紅磡寶其利街 2 號 B
Kowloon,Steak Kitchen,尖沙咀諾士佛臺 10 號耀邦大廈 2 字樓
Kowloon,椰林閣餐廳(慈雲山),慈雲山毓華街 23 號慈雲山中心 5 樓 524-527 舖
Kowloon,新星飽餅店,馬頭圍道 80 號 A2 舖
Kowloon,昇悅鮮廚,牛頭角樂華南邨熟食亭 5-12 號舖
Kowloon,晶晶餅店,油塘嘉榮街 2 號
Kowloon,新和隆,旺角西洋菜街北 161 號 A
Kowloon,EVA'S BAKERY,美孚新邨 6 期恒柏道 N34 號地舖
Kowloon,寶興冰廳,深水埗青山道 512 號
Kowloon,新樂富麵包美食,深水埗順寧道 277 號地下 E 舖
Kowloon,樂富麵包西餅店,深水埗順寧道 273 號
Kowloon,成發餐廳,彩雲邨商場 A3-9
Kowloon,竹園餐廳,黃大仙竹園邨商場二樓 110 室
Kowloon,三井飽餅專門店(蒲崗村道),慈雲山蒲崗村道 49 號 B
Kowloon,福崎麵飽屋,黃大仙竹園南邨商場 S012-S013 號舖地下
Kowloon,嘉多利麵包西餅,佐敦渡船角文苑街 23 號文英樓地下 1 號舖
Kowloon,心思思麵包西餅店,佐敦上海街 80 號華海商場地下 5 號舖
Kowloon,精記食品有限公司,紅磡鶴園街 2 號 G 恆豐工業大廈 D2 座 4 樓
Kowloon,卓越餅店,土瓜灣馬頭圍道 2B
Kowloon,南豐,九龍灣麗晶花園商場地下 G1
Kowloon,恒德國際商貿有限公司,新浦崗三祝街 12-14 號榮森工業第二大廈 3 樓
Kowloon,香噴噴麵包屋,何文田天光道曉輝華庭 26 號地下
Kowloon,馬記小食,官塘駿業街熟食市場 2 樓 35 號舖
Kowloon,豚王,官塘海濱道 139-141 號海濱中心 2 樓 202 室
Kowloon,富記,旺角廣東道 888 號地下
Kowloon,惠蘭麵飽,新蒲崗八達街八達工業大廈 22 樓
Kowloon,華樂麵包西餅,彩虹邨金華樓地下
Kowloon,新信興,旺角深圳街 6 號地下
Kowloon,德昌食品,官塘海濱道 139 號海濱中心地下 3 室
Kowloon,輝香園(北帝街),九龍土瓜灣北帝街 26A 地下
Kowloon,豐麥園,深水埗基隆街 369 號
Kowloon,包點先生(彩雲),牛池灣彩雲商場地下 A103 號鋪
Kowloon,包點先生(黃大仙啟德花園),黃大仙大成街啟德花園 18 號地下
Kowloon,包點先生(深水涉),深水埗順寧道 283 號鋪
Kowloon,DailyFresh,新蒲崗大有街 14 號萬星工業大廈 C3 地舖
Kowloon,TheOne,九龍荔枝角長沙灣廣場 1 樓 111 號舖
Kowloon,華園茶餐廳餅店,深水埗白田村 12 座 5-6 號地舖電話:
Kowloon,隆興食品公司,土瓜灣木廠街 36 號聯明興工廠大廈 1 樓 B1 室
Kowloon,漢和港麵包店,油麻地上海街 181 號地下
Kowloon,順興茶餐廳,九龍城衙前圍道 56-58 號地下
Kowloon,香麥屋,大角咀道 115 號地下
Kowloon,金城飽餅座,牛池灣街市
Kowloon,心思思,九龍灣宏開道 15 號九龍灣工業中心 7 樓 709 室
Kowloon,快甜美,上海街 50-54 號福苑大廈地下
Kowloon,田村,深水埗大埔道 150 號
Kowloon,友聯食品,深水埗耀東街 2 號地下
Kowloon,紅車厘,黃大仙雙鳳街 14 號地下
Kowloon,Maia's Box Bakery,新蒲崗景福街 104 號新時代中心 12 樓 1209 室
Kowloon,包羅萬有,廣東道 1031 號 A 舖地下
Kowloon,凱施餅店,官塘偉業街 155 號地舖
New Territories,合群社有限公司 經營 金運海鮮酒家,"SHOP NOS 4-8 1/F TSING YI SQUARE, TSING YI GDN 7-19 TSING LUK ST, TSING YI NT"
New Territories,TAI TAI PIE PIE'S LTD 經營 TAI TAI PIE PIES,"FLAT 11-12 BLK B 13/F VERISTRONG IND CTR, 34-36 AU PUI WAN ST, FOTAN NT"
New Territories,聖安娜餅店 - 厚豐７樓,"7/F HOU FENG IND BLDG, 1-5 WING KIN RD, KWAI CHUNG NT"
New Territories,順香園餅家,"BLK B 4/F UNIVERSAL IND BLDG, 23-25 SHAN MEI ST, SHATIN NT"
New Territories,麥菲有限公司,"FLAT 2803-2805 28/F WELL FUNG IND BLDG, 68 TA CHUEN PING ST, KWAI CHUNG NT"
New Territories,精美餅店(屯門),"FLAT G KAM LAI BLDG, 11 KAI MAN PATH, TUEN MUN NT"
New Territories,麵飽屋麵飽西餅 （青怡花園）,"SHOP 56 G/F BLK 7 TSING YI GDN, TSING YI, NT"
New Territories,銀龍飲食集團有限公司 經營 ＮＯＶＥＮ ＢＡＫＥＲＹ,"SHOP 112A 1/F, KWAI FONG SHOPPING CTR, KWAI FONG NT"
New Territories,百合星,"G/F 1A EASEFUL COUR TOWER, 2 TSING KING RD, NT"
New Territories,名家飽餅專門店,"SHOP 19 G/F TSING YI GDN, TSING YI, NT"
New Territories,B & C CO LTD T/A B & C BAKERY （天水圍）,"SHOP F5B 1/F KINGSWOOD RICHLY PLZ, 1 TIN WU RD, TIN SHUI WAI NT"
New Territories,幸時餅店,"G/F 60 FORTUNE CENTRE, FUNG HEUNG ST, YUEN LONG NT"
New Territories,迪斯麵包餅店（天慈村）,"SHOP 6 G/F COMM'L CTR PHASE 2, TIN TSZ EST AREA 13, TIN SHUI WAI YUEN LONG NT"
New Territories,新兆恆有限公司,"NO 1-3 3/F WING HING IND BLDG, 83-93 CHAI WAN KOK ST, TSUEN WAN NT"
New Territories,新翠灣餅店,"SHOP NO 7 G/F FU NING GARDEN COMMERICAL CTR, 25 PO NING NORTH RD, TSUENG KWAN O NT"
New Territories,金桃麵包,"SHOP D G/F, NO 59 ON NING RD, YUEN LONG NT"
New Territories,成發麵飽屋（元朗）,"G/F, 4 YUEN LONG NEW ST, YUEN LONG NT"
New Territories,寶城餅店（教育路）,"6 G/F PO SHING BLDG, LOT 43 KAU YUK RD, UNLONG N T"
New Territories,迪斯麵包餅店 （天盛苑）,"TS6B2 & TS7 G/F TIN SHING COURT MKT, TIN SHUI WAI NT"
New Territories,櫻島麵包店（咸田街）,"G/F, 44 HAMTIN STREET, TSUEN WAN HK"
New Territories,櫻島麵包店（新康街）,"G/F, KIN SING BUILDING, YUEN LONG N T"
New Territories,占美餅店,"G12 YUK LUNG HOUSE, 18 FUNG KAM ST, YUEN LONG NT"
New Territories,三哥煒成飽餅食品有限公司,"G/F 11 KWONG FUK LANE,TAI PO, NT"
New Territories,成昌行糧食有限公司 Shing Cheong Hong Provisions Co. Ltd,"Block A, Marvel Industrial Building, 1/F., 25-31 Kwai Fung Crescent, Kwai Chung, N.T."
New Territories,新同發食品貿易公司,"RM F 9/F LEAPONT IND BLDG,18-28 WO LIU HANG RD,FOTAN SHATIN NT"
New Territories,彩星控股有限公司 經營 彩星超級漁港,"S201-203 S204-S205 S211-212 & S216, 2/F 36-60 TEXACO RD, TSUEN WAN NT"
New Territories,英之傑食品公司(智寶公司),新界美孚麗灣花園 B 座 3C 地下
New Territories,金沙堡麵包西餅(葵芳),新界葵涌葵芳商場新翼地下 11 號舖
New Territories,豆豆麵飽西餅(葵芳),(豆豆飲食(集團)有限公司)新界葵芳智芳街 3 號 B 舖地下
New Territories,大地食品有限公司,荃灣葵涌油麻磡路 71-77 號城市工業中心 15 字 G 座
New Territories,聖羅蘭餅店 (石蔭路),新界葵涌石蔭路 109 號地下
New Territories,名島麵包西餅店(石梨),新界石梨大隴街 153 號怡勝花園地下 4 號
New Territories,東京麵包餅食(安蔭邨),(莉思麵包有限公司)新界葵涌安蔭邨安蔭商場 1 樓 110 舖
New Territories,一品點心有限公司,"新界葵涌打磚坪街 49-53 號華基工業大廈 1 期 32/F,A 座"
New Territories,曲奇麵飽西餅公司,新界粉嶺安樂村安全街 33 號豐盈工貿中心 4 樓 N 室
New Territories,君蘭餅店,新界上水新運路劍橋廣場 B 座五樓 11 室
New Territories,車厘子麵飽西餅,新界上水新發街 36 號
New Territories,奧莎餅店(上水),(奧莎有限公司)新界上水彩園村彩園廣場 31A 舖
New Territories,天將麵包,九龍將軍澳新都城 3 期 15 號舖
New Territories,仁人餅店(將軍澳),九龍將軍澳厚德邨街市 H81 號
New Territories,大圍龍順軒海鮮酒家,(富龍有限公司)新界沙田大圍美田邨商 2 樓全層
New Territories,金雅餅店,沙田好運中心 19 號 A 舖
New Territories,嘉樂麵飽西餅,(展詠有限公司)沙田火炭坳背灣街 57-59 號利達工業中心地下 7B
New Territories,麵包城(新港城三期),(溢昇食品發展有限公司)新界馬鞍山新港城三期 31 號地下
New Territories,奧莎(恆安邨),(奧莎有限公司)新界馬鞍山恆安邨恆安商場 2 樓 219 號 B 舖
New Territories,美田餅店,新界大圍美田苑商場 109 號 1 樓
New Territories,麵包城(頌安邨),新界沙田馬鞍山頌安邨街市 30-31 號舖
New Territories,薏蘭餅屋,新界屯門石排頭路 7 號德雅工業中心 C 座 4 樓 3-4 座
New Territories,金發麵飽西餅,新界屯門良景村商場 L4 樓 405 號舖
New Territories,富濠飽餅屋(福名有限公司),新界屯門蝴蝶村蝶心樓 112-113 號地下
New Territories,包點料理(屯門啟民徑),新界屯門啟民徑 15-21 號美恆大廈地下 3 號舖
New Territories,愛群餐廳,屯門安定村商場 2 樓 213-215 號
New Territories,海港酒家(大埔新達廣場),(天安投資發展有限公司)新界大埔南運路 9 號
New Territories,煒成麵飽工場,大埔汀角路康樂里永發樓 1 號 A 地下
New Territories,飽餅廊有限公司(大埔),新界大埔富善街 46-52D 地下
New Territories,桃源西餅麵飽店,新界大埔安慈路翠屏花園 13 號 B 舖
New Territories,煒城麵飽餅店(同秀坊),(煒城飽餅食品有限公司)新界大埔墟同秀坊 11 號地下
New Territories,津津麵飽西餅店,新界荃灣川龍街 95 號地下
New Territories,名島麵包西餅店(荃灣),新界荃灣禾笛街 19 號金豐閣地下 4 號舖
New Territories,湘川滬(天水圍),新界天水圍嘉湖銀座第 2 期 216A-216
New Territories,精品上海美食,新界天水圍天盛苑萬有街市 TS49 號舖
New Territories,金蘋果餅店,新界元朗安寧路 84 號地下
New Territories,一品堂,"新界天水圍天澤村萬有街市 1/F,59 號舖(熱賣站)隔鄰"
New Territories,大同老餅家,新界元朗阜財街 57 號地下
New Territories,嘉華餅店,新界葵涌荔景邨明景樓 6 號地下
New Territories,曾師父麵包(豪得集團有限公司),新界青衣長發邨 54-58 號
New Territories,金威美食公司,(頂好食品有限公司)新界葵涌葵德街 15-33 號
New Territories,林美餅店,新界葵涌石梨貝青山公路 468 號
New Territories,湘川滬大飯店(生利集團有限公司),新界葵芳興寧路 12 號(葵青劇院 1 號舖)
New Territories,彩發隆,九龍大窩口街市 34 號
New Territories,致誠,新界葵涌永健路高威工業大廈 B 座 16/F10 號室
New Territories,林園香料公司,荃灣葵涌健康街 1-7 號致華工廠大廈 13/FC 座
New Territories,金怡麵飽,新界葵涌石籬商場二樓 231 號
New Territories,翠軒食堂,葵涌大連排道 42 號貴盛工業大廈二期 E 座地舖
New Territories,三聯企業(亞洲)有限公司,新界葵涌青山公路 543-549 號瑞康工業大廈地下(貨倉﹕葵涌瑞榮工業大廈 14 樓 C室)
New Territories,德利行糧油批發有限公司,葵涌禾塘咀街葵涌工廠大廈第一座地下 10 (貨送葵涌禾塘咀街 31-39 號)
New Territories,龍順軒海鮮酒家(葵盛西),(富龍有限公司)新界葵涌葵盛西邨葵盛西邨商場
New Territories,福香園餐廳,新界葵涌葵豐街 33-39 號華豐大廈地下 A 座
New Territories,三友行,新界葵涌工業街華發工業大廈後座 19 樓 12 室
New Territories,威軒金閣,(東星創富有限公司)新界葵昌路 51 號九龍貿易中心 3 樓
New Territories,華裕(香港)貿易有限公司,新界荃灣大涌道 22-28 號合福工業大廈 1 樓(全層)
New Territories,金百合麵包西餅,新界石梨貝 1 區 101B 石梨街市樓上
New Territories,粉嶺車厘子餅店,新界粉嶺聯和墟聯盛街 20 號地下
New Territories,逸生昌,新界沙頭角新樓街 18 號
New Territories,富滿樓海鮮酒家,新界上水天坪邨平台商場 2 樓
New Territories,樂怡餅店,新界粉嶺一鳴路 23 號牽晴間商場地下 6 號
New Territories,奧莎餅店(中式舖),新界上水彩園村彩華樓 307-308 號
New Territories,凱欣餅屋,新界上水貿易廣場 B 座 5 樓 5 號室
New Territories,富金海鮮酒家(上水),新界上水清曉路清河邨商場 15 號舖
New Territories,海港酒家(新都城),(天地興業有限公司)九龍將軍澳新都城一期 208 號舖
New Territories,季季紅風味酒家(沙田店),(季季紅集團有限公司)新界沙田大涌橋路 20-30 號河畔花園 33 號地下
New Territories,嘉樂金沙餅店,新界沙田沙角邨沙燕樓地下 6 號舖
New Territories,食品採購有限公(超群餅店),新界沙田第一城廣場地下 58 及 59C
New Territories,第一邨麵包專門店,新界沙田大圍雲疊花園 6 號舖
New Territories,金發粉麵廠,新界大圍成運道交通城 6/F15 號
New Territories,8 番拉麵,(香港元八有限公司)新界沙田正街 2-8 號
New Territories,王家沙(火炭),"(嘉暉香港有限公司)新界火炭坳背灣街威力工業大廈 1/F,S 室"
New Territories,金順餐廳,新界沙田大圍新田村翠田街 73 號地下
New Territories,漢城餅店,新界沙田乙明邨
New Territories,上海美食,新界大圍美田路 22-26 號金輝花園地舖 K1
New Territories,包之屋,新界沙田圓洲角路 15-17 號翠麗花園 B 座
New Territories,安崎麵包店,新界屯門良景邨美食中心(大門口側)
New Territories,簡品堂,新界屯門荷田街冠華鏡廠第一座 7 樓 G 座
New Territories,龍門居麵包店,新界屯門龍門居 M83 號舖地下
New Territories,槳怡餅店(山景村),新界屯門山景村商場 2/F208 號舖
New Territories,永泰,新界屯門興旺街 3 號天匯工業大廈 4 樓 A 室
New Territories,奧利皇餅店,新界屯門井財街 15 號金銘大廈地下 14 號舖
New Territories,北海道麵飽屋,新界屯門青菱徑 6 號富麗大廈地下 D1 地舖
New Territories,謙記食品貿易有限公司,新界屯門河田街 2 號東亞紗廠工業大廈 3 樓
New Territories,悅爐餅店,屯門悅湖山莊悅湖商場 10 號舖
New Territories,大板麵飽,新界屯門青山公路 79 號竹苑地下 1 號舖
New Territories,維他天地服務有限公司,新界屯門建旺街 1 號(貨送元朗宏業東街麗新元朗中心 408 室)
New Territories,炳記行貿易有限公司,新界屯門青楊街 6 號宏昌工業大廈 9/F
New Territories,劉生利,新界屯門小坑村 136 號地下
New Territories,麵飽先生(廣福邨),(志偉麵包西餅食品有限公司)新界大埔廣福邨廣福商場平台 104 號舖
New Territories,焯成麵飽餅店,新界大埔南盛街 14 號地下
New Territories,海港燒鵝海鮮酒家,(天輝亞洲有限公司)新界大埔安邦路 2 號大埔超級城地下 600 號舖
New Territories,紅蜻蜓餐廳,(旭廣有限公司)新界大埔超級城 C 座地下 542-550 號
New Territories,康美餅店,新界荃灣橫龍街 43-47 號龍力工業大廈 11/F5 室
New Territories,成記行糧食有限公司,新界荃灣德士古道 188-202 號立泰工業中心第一座 1/F
New Territories,美景茶餐廳(荃灣),荃灣祈德尊新村商場一樓 2 號
New Territories,精品上海美食(天瑞邨),新界天水圍天瑞商場萬有街市 P15 號舖
New Territories,包點料理(元朗大橋街市),新界元朗福德街精英大廈 4 號地下(大橋街市對面)
New Territories,B&C BAKERY,新界天水圍嘉湖新北江商場 1 樓 F5B 舖
New Territories,上海美食,新界元朗牡丹街合益廣場 B47 號舖
New Territories,勝發餅家,新界錦田大馬路 215 號 A
New Territories,材記,屯門新平街 2 號屯門工業中心 A 座 9 樓 1 室
New Territories,中寧,新界德士古道 178 號山德士大廈 3 字樓
New Territories,浚力,葵涌梨木道 88 號達利中心 1007-1008 室
New Territories,海港-天水圍,"海港 at Shop No. 224, 2/F, Chung Fu Shopping Ctr Phase I, Tin Chung Court, Tin Shui Wai, Yuen Long, NT"
New Territories,海港-荃灣,新界荃灣眾安街 55 號英皇娛樂廣場 3 樓
New Territories,海寶-石蔭,葵涌石蔭道 149-151 號福蔭大廈地下至 2 樓
New Territories,新鮮-沙田,沙田崗背街 9-11 號全輝中心 15 號
New Territories,香格格,新界將軍澳厚德邨厚德商場東翼 169-170 號舖
New Territories,"大東 Tai Tung Coffee Co., Ltd.","Unit 1, 6/F., Global Gateway (HK), 168 Yeung Uk Road, Tsuen Wan, N.T."
New Territories,郭氏榮昌行有限公司,"Flat G & H, Kings Ford Industrial Building, Phase 2, 2/F., 26-32 Kwai Hei Street, Kwai Chung, N.T."
New Territories,萬利富集團有限公司 Million Rich Holdings Ltd.,"Flat/Rm D, 12/F, 8 Hart Avenue, Tsim Sha Tsui, Kowloon/ 新界元朗唐人新村西區唐泰路 30 號 B 座"
New Territories,永興號油廠,新界葵涌工業街 10 號華發工業大廈后座 27 樓 12 室
New Territories,King Ludwig Beerhall,屯門洪水橋 23 米半
New Territories,嶺南大學(快餐)-嶺大食坊-LNU-F,(金巴斯集團香港有限公司)屯門嶺南大學青山公路 8 號嶺南大學康樂樓地下
New Territories,Breadtalk Concept HK LTD,元朗教育路千色廣場地下 31 號舖
New Territories,上海美食,上水龍琛路 43 號
New Territories,銀龍麵包專門店,粉嶺聯和墟滿和街 8 號帝庭軒商場地下 20AB 及 21 舖
New Territories,占士餅店,葵涌葵豐街 18-26 號永康工業大廈 2 字 F
New Territories,批&撻專門店有限公司,葵涌和宜合道 63 號麗晶中心 B 座 201 室
New Territories,新芝美麵飽西餅店,將軍澳新都城第二期街市地下 3M
New Territories,大家樂,屯門青山觀路 23 號屯門醫入口大堂 F 舖
New Territories,祥景 (良景),屯門良景商場 4 樓 402-403 號惠康超市門口
New Territories,泰華餐廳(廣源邨沙田),沙田廣源邨商場三座 10-11 號
New Territories,火焰山,青衣楓樹窩路 1 號翠怡商場地下 G10 號舖
New Territories,志高餐飲供應有限公司,葵涌葵喜街 26-32 號金發工業大廈二期五樓 F 室
New Territories,豚王,沙田沙田正街 18 號新城市廣場一期 1 樓 167 號舖
New Territories,包棧,屯門蝴蝶村蝴蝶廣場 L144 號鋪
New Territories,好景餅店,元朗安寧路 114 號地下好景樓 17 號
New Territories,東方食油貿易公司,"Rm. A, 5/F, Phase I, Hung Cheong Industrial Centre, No. 12 Tsing Yeung Circuit, Tuen Mun"
New Territories,Breadtalk Concept HK LTD,火炭坳背灣街 38-40 號華衛工貿中心 5/F 14-16 室
New Territories,豆豆餅店,荃灣眾安街 1 號地下
New Territories,廸斯麵包餅店 (天慈邨),天水圍天慈邨商場 2 期地下 6 號舖
New Territories,霞飛點心拉麵 (將軍澳),將軍澳唐德街 9 號將軍澳中心商場地下 G43 舖
New Territories,鴻記茶餐廳,深井邨 61 號地下
New Territories,康樂冰室(荃),荃灣荃興徑 21 號荃發大廈 D 座地下
New Territories,金壘餐廳,元朗錦口公路石崗上村 DD114 號
New Territories,憬華千式,元朗康業街 19 號萬輝工業中心 5 樓 1-5 室
New Territories,城軒飲食集團有限公司 - 教院新飯堂 NIED,大埔露屏路 10 號教育學院 C 座平臺
New Territories,兆和茶餐廳,荃灣兆和街 36 號地下
New Territories,榮樂冰室 (沙田),"沙田,瀝源村 3 座富裕樓 7 號"
New Territories,椰林閣 (荃灣倉)(有信有限公司),荃灣德士古道 188-202 號立泰工業中心第二期四樓 K 室(中央廚房)
New Territories,櫻島麵飽店,葵涌石蔭路 113-117 號
New Territories,晶晶唐餅麵飽店,葵涌道 1001 地段德昌大廈 4 號舖
New Territories,櫻島麵飽餅店 (大窩口道),葵涌大窩口道 1-9 號 F 地舖
New Territories,三井飽餅專門店 (石蔭路),葵涌石蔭路 89-97 號地下 A2 舖
New Territories,太子火煱,"新界葵涌青山公路-葵涌段 412-416 號葵星中心商場 50-51 號,56-57 號"
New Territories,新香餅店,葵涌石蔭路 58 號
New Territories,小麥子,葵涌打磚坪街屏富徑 15A 地下
New Territories,溫莎堡,葵涌健康街飛亞工業大廈 9-12 號地下
New Territories,金寶餅店,葵盛西邨 7 座 27 號舖
New Territories,車厘子麵飽餅店,粉嶺聯盛街 20 號地下
New Territories,成發餅家,上水新樂街 46 號(工場)
New Territories,珍香餅家,上水新功街 11 號地下
New Territories,李華記,上水新功街 14 號地下
New Territories,李華記,貨倉﹕上水嘉富坊 3 號上水貿易廣場地舖 7B
New Territories,陳福榮餅家,西貢萬年街 9 號
New Territories,金濠麵飽公司,沙田火炭坳背灣街 14-24 號金濠大廈二期 8 樓 N 座
New Territories,彩龍餐廳 (新翠邨),沙田新翠邨商場 18 號地下
New Territories,南豐餐廳餅店,沙田新田圍邨商場五樓 38 號
New Territories,文樂園(點心食品批發中心),沙田火炭黃竹洋街 5-7 號富昌中心 14 樓 J 室
New Territories,家家頌 (富安花園),馬鞍山富安花園商場地下 18 號 C2 舖
New Territories,Freshness,沙田崗背街全輝中心地下 15 號舖
New Territories,家家餅店,沙田秦石邨商場 1 號舖
New Territories,漢和麵包公司,沙田瀝源邨華豐地下 2 號舖
New Territories,暖心麵飽,屯門石排頭街 5 號地下 E
New Territories,精記食品有限公司,屯門南豐工業城 4 座 911 室
New Territories,金源餐廳,大埔富善邨商場 14 號地下
New Territories,金源飽餅店,大埔富善邨商場 2 樓 119 號
New Territories,秋田包餅店,大埔懷義街 20 號
New Territories,王子麵飽,大埔太和路翠怡花園 B 座 10 號
New Territories,廣豐行,大埔墟運頭坊 15-27 號 B1 舖
New Territories,合豐行,大埔墟仁興街 61 號
New Territories,豐盛麵飽餅店,荃灣葵盛東商場 2 號舖
New Territories,貝嘉餅屋,荃灣街市街 166 號
New Territories,飽有福,荃灣新村街 56-58 號 3 號舖
New Territories,東京麵包餅食,荃灣海濱花園 18 座 106-107 舖
New Territories,權發,元朗鳳攸南街 9 號好順利大廈地下
New Territories,雅苑餐廳,元朗朗屏邨石屏樓 M1-M3 號平台
New Territories,上海美食(大圍),大圍積輝街 1-5 號金輝花園地下 K1A-B 舖
New Territories,比莎,屯門建發街鳴發工業大廈 2 樓 8 號
New Territories,李華記,上水廣場 B 座地下 B 室
New Territories,"金源(富善, 餅房)",大埔富善邨商場 18 號二樓
New Territories,悅爐(舊),新界屯門悅湖山莊商場 19-20 號
New Territories,海洋城,馬鞍山新港城街市 S77 號
New Territories,真 SHOW 百味,大埔廣場 59 號地下
New Territories,盛興號,長洲新興街 60 號
New Territories,富苑,新界荃灣和笛街 25 號
New Territories,富善麵飽,大埔富善街 18 號地下
New Territories,湯玉記,上水巷仔街 11 號近新康街
New Territories,順寧行,屯門天后路新合里 2 號永善工業大廈 16 樓 A-B 室
New Territories,愛群(屯門),新界屯門安定邨定祥樓 213-216 號
New Territories,新都(上水),"新界上水彩珠樓, 彩園邨 111 號, 地下"
New Territories,裕發行,青山公路 319-325 號業成街東聯大廈 1-4 號
New Territories,裕發茶餐廳(馬鞍山),馬鞍山新港城二期 C-D 座地下 3-11 號舖
New Territories,維嘉食品有限公司,新界荃灣灰窰角街 24 王 32 號美德大廈 8 樓 H 室
New Territories,蒸品(大窩口),荃灣德士古道宏華大廈 57 至 61D 號舖
New Territories,德利行(沙田),火炭桂地街 2-8 號國際工業中心地下 B 座
New Territories,德嘉食堂,葵涌大連排道 58-66 號樂聲工業大廈地下 C 座(葵昌路人)
New Territories,樂景,荔景邨樂景樓地下 1 號
New Territories,鄭興記企業有限公司,荃灣柴灣角街 38-40 號銓通工業大廈 4 樓 D 室
New Territories,椰林閣(天達企業有限公司),屯門震寰路 9 號好收成工業大廈 3 樓 8-9 室
New Territories,廣良興,荃灣橫龍街 77 號富利工業大廈 13 樓
New Territories,祥基茶餐廳,大埔太和路翠怡花園 31-32 號地下
New Territories,黎恩記,醉酒灣
New Territories,包點先生(荃灣工場),荃灣德士古道 62-70 號寶業大廈 A 座 15 樓(全層) / B 座 1505 室
New Territories,永昌盛,元朗教育路 68G 兆豐樓地下(中旅社對面)
New Territories,幸時餅店,元朗鳳琴街 22 號金龍樓地下 12 號
New Territories,森之烘焙,大埔大埔廣場地下麗晶廊 4011 號鋪
New Territories,櫻島麵包,上水新康街 74 號地下
New Territories,華立,大埔寶鄉街 48 號地下
New Territories,豆豆飽,馬鞍山富安商場 6-7 號
New Territories,麥稻田,粉嶺雍盛苑雍盛商場地下 17 號舖
New Territories,龍品,橫龍街 17-33 號明華工業大廈 6 樓 A-B 座
New Territories,超記麵包,荃灣柴灣角街榮興工業大廈 83-93 號 3 樓 3 室